DELETE FROM T_TRAZABILIDAD;
DELETE FROM T_SOLINDITEMS;
DELETE FROM T_TRAZABILIDADESTHISTORY;
DELETE FROM T_TRAZABILIDADSOLESTHISTORY;
DELETE FROM T_TRAZABILIDADSOLICITUD;
DELETE FROM T_SOLICITUDINDIVIDUAL;
DELETE FROM T_PETMUESINTERLOCUTORES;
DELETE FROM T_PETMUESITEMESTADO;
DELETE FROM T_PETMUESITEMPRECIO;
DELETE FROM T_PETMUESITEMALERTA;
DELETE FROM T_PETMUESPRECIO;
DELETE FROM T_PETMUESALERTA;
DELETE FROM T_PETMUESCLINICOS;
DELETE FROM T_PETMUESPACIENTE;
DELETE FROM T_PETMUESOPERACION;
DELETE FROM T_PETMUESCONTENEDOR;
DELETE FROM T_PETMUESMEDICO;
DELETE FROM T_PETMUESFECHAS;
DELETE FROM T_PETICIONMUESTREOITEMS;
DELETE FROM T_PETICIONMUESTREO;
DELETE FROM T_TRAZABILIDADALBARAN;
DELETE FROM T_SOLICITUDMUESTREO;
DELETE FROM T_FACTURABLEFECHAPETICION;
DELETE FROM V_UPDATE_PETCLIENTE;

INSERT INTO T_SOLICITUDMUESTREO (ID,CODIGOOFICINAVENTAS,CODIGOPETICION,CODIGOSISTEMA,CODIGOUSUARIOEXTERNO, ENTITY_CREATION_TIMESTAMP,ENTITY_VERSION,ESMIXTA,INACTIVE,LAST_UPDATED_TIMESTAMP) VALUES ('4505','5','S00474001','1','LMONDRAGON','2020-02-26 00:00:00','1','0','0','2020-02-26 00:00:00');
INSERT INTO T_PETICIONMUESTREO (ID,CARGOPETICION,CODIGODELEGACION,CODIGOPETICION,ENTITY_CREATION_TIMESTAMP,ENTITY_VERSION,ESINMEDIATO,ESMUESTRAREMITIDA,ESPRESUPUESTO,ESPRIVADO,INACTIVE,LAST_UPDATED_TIMESTAMP,NIFCLIENTE,TIPOPETICION,FK_SOLICITUDMUESTREO)  VALUES ('4506','1798','5','S00474001','2020-02-26 00:00:00','1','0','1','0','0','0','2020-02-26 00:00:00','A28141935','3','4505');
INSERT INTO T_PETICIONMUESTREOITEMS (ID,CANTIDADREQUERIDA,CODIGOMATERIAL,CODIGOMATERIALFACTURACION,CODIGOPRUEBA,DELEGACIONPRODUCTIVA,DEPENDERESULTADO,DESCRIPCIONMATERIAL,ENTITY_CREATION_TIMESTAMP,ENTITY_VERSION,ESFACTURABLE,ESINFORMADA,ESPERFIL,ESPRIVADO,ESTERCEROS,IDITEM,IDPARENT,INACTIVE,LAST_UPDATED_TIMESTAMP,TIPOPOSICION,FK_PETICIONMUESTREO) VALUES ('65210','1','B0250','AU1','16_2424','99','0','MAPFRE','2020-02-26 00:00:00','1','1','0','0','0','0','16','1','0','2020-02-26 00:00:00','0','4506');
INSERT INTO T_PETICIONMUESTREOITEMS (ID,CANTIDADREQUERIDA,CODIGOMATERIAL,CODIGOMATERIALFACTURACION,CODIGOPRUEBA,DELEGACIONPRODUCTIVA,DEPENDERESULTADO,DESCRIPCIONMATERIAL,ENTITY_CREATION_TIMESTAMP,ENTITY_VERSION,ESFACTURABLE,ESINFORMADA,ESPERFIL,ESPRIVADO,ESTERCEROS,IDITEM,IDPARENT,INACTIVE,LAST_UPDATED_TIMESTAMP,TIPOPOSICION,FK_PETICIONMUESTREO) VALUES ('65201','1','B0690','SEDI','17_2424','99','0','MAPFRE','2020-02-26 00:00:00','1','1','0','0','0','0','17','1','0','2020-02-26 00:00:00','0','4506');
INSERT INTO T_PETICIONMUESTREOITEMS (ID,CANTIDADREQUERIDA,CODIGOMATERIAL,CODIGOMATERIALFACTURACION,CODIGOPRUEBA,DELEGACIONPRODUCTIVA,DEPENDERESULTADO,DESCRIPCIONMATERIAL,ENTITY_CREATION_TIMESTAMP,ENTITY_VERSION,ESFACTURABLE,ESINFORMADA,ESPERFIL,ESPRIVADO,ESTERCEROS,IDITEM,IDPARENT,INACTIVE,LAST_UPDATED_TIMESTAMP,TIPOPOSICION,FK_PETICIONMUESTREO) VALUES ('65212','1','B0020','URE1','4_2424','99','0','MAPFRE','2020-02-26 00:00:00','1','1','0','0','0','0','4','1','0','2020-02-26 00:00:00','0','4506');

INSERT INTO T_SOLICITUDINDIVIDUAL (ID,CODIGOOPERACION,CODIGOPOLIZA,COMPLETEDELIVERYISDEFINED,CUSTOMERPAYMENTTERMS,CUSTOMERPURCHASEORDERTYPE,DISTRIBUTIONCHANNEL,DOCUMENTOUNICO,ENTITY_CREATION_TIMESTAMP,ENTITY_VERSION,GRUPOPRECIOCLIENTE,INACTIVE,INCOTERMSCLASSIFICATION,INCOTERMSLOCATION1,INCOTERMSLOCATION2,INCOTERMSTRANSFERLOCATION,INCOTERMSVERSION,	LAST_UPDATED_TIMESTAMP,ORGANIZATIONDIVISION,PAYMENTMETHOD,PRICINGDATE,PURCHASEORDERBYCUSTOMER,SALESDISTRICT,SALESGROUP,SALESOFFICE,SALESORDERDATE,SALESORDERTYPE,SALESORGANIZATION,SDDOCUMENTREASON,SHIPPINGTYPE,SOLDTOPARTY,TARIFA,TIPOCOTIZACION,TIPOPETICION,TOTALNETAMOUNT,TRANSACTIONCURRENCY,USER_CREATE,USER_UPDATE,FK_CONTRATOCAPITATIVO) VALUES ('3783','Codigo1','Poliza1','0','6000','','GC','DocUnico1','2020-02-26 00:00:00','2','','0','','','','','','2020-02-26 00:00:00','CL','','2020-02-26 00:00:00','S00474001','','','5','2020-02-26 00:00:00','ZSIM','ECHE','','','S00474001','2','','3','13.42','EUR','Generic','Generic','321');

INSERT INTO T_PETMUESINTERLOCUTORES (ID,CODIGOINTERLOCUTOR,CODIGOPOSTALINTERLOCUTOR,ENTITY_CREATION_TIMESTAMP,ENTITY_VERSION,INACTIVE,LAST_UPDATED_TIMESTAMP,ROLINTERLOCUTOR,FK_PETICIONMUESTREO) VALUES ('1','0001','08037','2020-02-26 00:00:00','1','0','2020-02-26 00:00:00','ZH','4506');

INSERT INTO T_PetMuesPaciente (ID,CODIGODOCUMENTO, CODIGOPOLIZA,ENTITY_CREATION_TIMESTAMP,ENTITY_VERSION,INACTIVE,LAST_UPDATED_TIMESTAMP,FK_PETICIONMUESTREO) VALUES ('102495','Documento2','Poliza2','2020-02-26 00:00:00','1','0','2020-02-26 00:00:00','4506');

INSERT INTO T_TRAZABILIDADSOLICITUD (ID,ENTITY_CREATION_TIMESTAMP,ENTITY_VERSION,INACTIVE,LAST_UPDATED_TIMESTAMP,USER_CREATE, USER_UPDATE,FK_PETICIONMUESTREO,FK_SOLICITUDINDIVIDUAL) VALUES ('102495','2020-02-26 00:00:00','6','0','2020-02-26 00:00:00','Generic    ','Generic    ','4506','3783');

INSERT INTO T_TRAZABILIDADSOLESTHISTORY (ID,AUTOMATICO,ENTITY_CREATION_TIMESTAMP,ENTITY_VERSION,INACTIVE,LAST_UPDATED_TIMESTAMP,SEQUENCEORDER,FK_TRAZABILIDAD,FK_ESTADO) VALUES ('1','0',NOW(),'1','1',NOW(),'1','102495','1');
INSERT INTO T_TRAZABILIDADSOLESTHISTORY (ID,AUTOMATICO,ENTITY_CREATION_TIMESTAMP,ENTITY_VERSION,INACTIVE,LAST_UPDATED_TIMESTAMP,SEQUENCEORDER,FK_TRAZABILIDAD,FK_ESTADO) VALUES ('2','0',NOW(),'1','1',NOW(),'2','102495','2');
INSERT INTO T_TRAZABILIDADSOLESTHISTORY (ID,AUTOMATICO,ENTITY_CREATION_TIMESTAMP,ENTITY_VERSION,INACTIVE,LAST_UPDATED_TIMESTAMP,SEQUENCEORDER,FK_TRAZABILIDAD,FK_ESTADO) VALUES ('3','0',NOW(),'1','1',NOW(),'3','102495','4');
INSERT INTO T_TRAZABILIDADSOLESTHISTORY (ID,AUTOMATICO,ENTITY_CREATION_TIMESTAMP,ENTITY_VERSION,INACTIVE,LAST_UPDATED_TIMESTAMP,SEQUENCEORDER,FK_TRAZABILIDAD,FK_ESTADO) VALUES ('4','0',NOW(),'1','0',NOW(),'4','102495','8');

INSERT INTO T_SOLINDITEMS (ID,DELPRODUCTIVA,ENTITY_CREATION_TIMESTAMP,ENTITY_VERSION,FECHAVALIDACION,HIGHERLEVELLTEM,INACTIVE,LAST_UPDATED_TIMESTAMP,MATERIAL,MATERIALBYCUSTOMER,NETAMOUNT,PRICEREFERENCEMATERIAL,PURCHASEORDERBYCUSTOMER,REQUESTEDQUANTITY,REQUESTEDQUANTITYUNIT,SALESORDERINDITEM,SALESORDERITEMCATEGORY,TAXAMOUNT,TRANSACTIONCURRENCY,UNIDADPRODUCTIVA,USER_CREATE,USER_UPDATE,FK_SOLICITUDINDIVIDUAL)VALUES ('48603','99','2020-02-26 00:00:00','2','2020-02-26 00:00:00','1','0','2020-02-26 00:00:00','B0250','','0.65','AU1','AC0000003','1','UN','16','ZTAE','0','EUR','','Generic','Generic','3783');
INSERT INTO T_SOLINDITEMS (ID,DELPRODUCTIVA,ENTITY_CREATION_TIMESTAMP,ENTITY_VERSION,FECHAVALIDACION,HIGHERLEVELLTEM,INACTIVE,LAST_UPDATED_TIMESTAMP,MATERIAL,MATERIALBYCUSTOMER,NETAMOUNT,PRICEREFERENCEMATERIAL,PURCHASEORDERBYCUSTOMER,REQUESTEDQUANTITY,REQUESTEDQUANTITYUNIT,SALESORDERINDITEM,SALESORDERITEMCATEGORY,TAXAMOUNT,TRANSACTIONCURRENCY,UNIDADPRODUCTIVA,USER_CREATE,USER_UPDATE,FK_SOLICITUDINDIVIDUAL)VALUES ('48604','99','2020-02-26 00:00:00','2','2020-02-26 00:00:00','1','0','2020-02-26 00:00:00','B0690','','0.6','SEDI','AC0000003','1','UN','17','ZTAE','0','EUR','','Generic','Generic','3783');
INSERT INTO T_SOLINDITEMS (ID,DELPRODUCTIVA,ENTITY_CREATION_TIMESTAMP,ENTITY_VERSION,FECHAVALIDACION,HIGHERLEVELLTEM,INACTIVE,LAST_UPDATED_TIMESTAMP,MATERIAL,MATERIALBYCUSTOMER,NETAMOUNT,PRICEREFERENCEMATERIAL,PURCHASEORDERBYCUSTOMER,REQUESTEDQUANTITY,REQUESTEDQUANTITYUNIT,SALESORDERINDITEM,SALESORDERITEMCATEGORY,TAXAMOUNT,TRANSACTIONCURRENCY,UNIDADPRODUCTIVA,USER_CREATE,USER_UPDATE,FK_SOLICITUDINDIVIDUAL)VALUES ('48605','99','2020-02-26 00:00:00','2','2020-02-26 00:00:00','1','0','2020-02-26 00:00:00','B0020','','0.65','URE1','AC0000003','1','UN','4','ZTAE','0','EUR','B','Generic','Generic','3783');

INSERT INTO T_TRAZABILIDAD (ID,ENTITY_CREATION_TIMESTAMP,ENTITY_VERSION,INACTIVE,LAST_UPDATED_TIMESTAMP,SPLITTERKEY,USER_CREATE,USER_UPDATE,FK_SOLICITUDINDIVIDUALITEM,FK_PETICIONMUESTREOITEMS) VALUES ('65209','2020-02-26 00:00:00','6','0','2020-02-26 00:00:00','gr:CL_cd:0005','Generic','Generic','48603','65210');
INSERT INTO T_TRAZABILIDAD (ID,ENTITY_CREATION_TIMESTAMP,ENTITY_VERSION,INACTIVE,LAST_UPDATED_TIMESTAMP,SPLITTERKEY,USER_CREATE,USER_UPDATE,FK_SOLICITUDINDIVIDUALITEM,FK_PETICIONMUESTREOITEMS) VALUES ('65200','2020-02-26 00:00:00','6','0','2020-02-26 00:00:00','gr:CL_cd:0005','Generic','Generic','48604','65201');
INSERT INTO T_TRAZABILIDAD (ID,ENTITY_CREATION_TIMESTAMP,ENTITY_VERSION,INACTIVE,LAST_UPDATED_TIMESTAMP,SPLITTERKEY,USER_CREATE,USER_UPDATE,FK_SOLICITUDINDIVIDUALITEM,FK_PETICIONMUESTREOITEMS) VALUES ('65211','2020-02-26 00:00:00','6','0','2020-02-26 00:00:00','gr:CL_cd:0005','Generic','Generic','48605','65212');


INSERT INTO T_TRAZABILIDADESTHISTORY (ID,AUTOMATICO,ENTITY_CREATION_TIMESTAMP,ENTITY_VERSION,INACTIVE,LAST_UPDATED_TIMESTAMP,SEQUENCEORDER,FK_TRAZABILIDAD,FK_ESTADO,FK_MOTIVO) VALUES ('1','0',NOW(),'1','1',NOW(),'1','65209','2','1');
INSERT INTO T_TRAZABILIDADESTHISTORY (ID,AUTOMATICO,ENTITY_CREATION_TIMESTAMP,ENTITY_VERSION,INACTIVE,LAST_UPDATED_TIMESTAMP,SEQUENCEORDER,FK_TRAZABILIDAD,FK_ESTADO,FK_MOTIVO) VALUES ('2','0',NOW(),'1','1',NOW(),'2','65209','4','1');
INSERT INTO T_TRAZABILIDADESTHISTORY (ID,AUTOMATICO,ENTITY_CREATION_TIMESTAMP,ENTITY_VERSION,INACTIVE,LAST_UPDATED_TIMESTAMP,SEQUENCEORDER,FK_TRAZABILIDAD,FK_ESTADO,FK_MOTIVO) VALUES ('3','0',NOW(),'1','0',NOW(),'3','65209','8','1');

INSERT INTO T_TRAZABILIDADESTHISTORY (ID,AUTOMATICO,ENTITY_CREATION_TIMESTAMP,ENTITY_VERSION,INACTIVE,LAST_UPDATED_TIMESTAMP,SEQUENCEORDER,FK_TRAZABILIDAD,FK_ESTADO,FK_MOTIVO) VALUES ('4','0',NOW(),'1','1',NOW(),'1','65200','9','1');
INSERT INTO T_TRAZABILIDADESTHISTORY (ID,AUTOMATICO,ENTITY_CREATION_TIMESTAMP,ENTITY_VERSION,INACTIVE,LAST_UPDATED_TIMESTAMP,SEQUENCEORDER,FK_TRAZABILIDAD,FK_ESTADO,FK_MOTIVO) VALUES ('5','0',NOW(),'1','1',NOW(),'2','65200','5','1');

INSERT INTO T_TRAZABILIDADESTHISTORY (ID,AUTOMATICO,ENTITY_CREATION_TIMESTAMP,ENTITY_VERSION,INACTIVE,LAST_UPDATED_TIMESTAMP,SEQUENCEORDER,FK_TRAZABILIDAD,FK_ESTADO,FK_MOTIVO) VALUES ('7','0',NOW(),'1','1',NOW(),'1','65211','9','1');
INSERT INTO T_TRAZABILIDADESTHISTORY (ID,AUTOMATICO,ENTITY_CREATION_TIMESTAMP,ENTITY_VERSION,INACTIVE,LAST_UPDATED_TIMESTAMP,SEQUENCEORDER,FK_TRAZABILIDAD,FK_ESTADO,FK_MOTIVO) VALUES ('8','0',NOW(),'1','1',NOW(),'2','65211','4','1');
INSERT INTO T_TRAZABILIDADESTHISTORY (ID,AUTOMATICO,ENTITY_CREATION_TIMESTAMP,ENTITY_VERSION,INACTIVE,LAST_UPDATED_TIMESTAMP,SEQUENCEORDER,FK_TRAZABILIDAD,FK_ESTADO,FK_MOTIVO) VALUES ('9','0',NOW(),'1','0',NOW(),'3','65211','8','1');

INSERT INTO V_UPDATE_PETCLIENTE (IDTRAZABILIDAD, CODIGOCLIENTE, CODIGOPETICION, IDSI, IDSM, IDPM, CODIGODELEGACION, ORGANIZACIONVENTAS) VALUES ('102495','1','S00474001','3783','4505','4506','5','ECHE');